,nr_cores,str_length,time
0,4,100000,0.171448
1,4,10000,0.019113
